<PARAMETERS>
	<GROUP NAME="ColorBlending" HINT="ColorBlending"><PARAM NAME="BlendingSpace" HINT="BlendingSpace" TYPE="Int" VALUE="1" LEVEL="3"></PARAM>
		<PARAM NAME="DiffThreshold" HINT="DiffThreshold" TYPE="Double" VALUE="0.000000" LEVEL="3"></PARAM>
		<PARAM NAME="MaxBlendingComp" HINT="MaxBlendingComp" TYPE="Int" VALUE="2" LEVEL="3"></PARAM>
		<PARAM NAME="Power" HINT="Power" TYPE="Double" VALUE="2.000000" LEVEL="3"></PARAM>
	</GROUP>
	<GROUP NAME="DataAnalysis" HINT="DataAnalysis"><PARAM NAME="ClassAccuracyThreshold" HINT="ClassAccuracyThreshold" TYPE="Double" VALUE="0.300000" LEVEL="3"></PARAM>
		<PARAM NAME="Debug" HINT="Debug" TYPE="Int" VALUE="1" LEVEL="3"></PARAM>
		<PARAM NAME="MaxInClass" HINT="MaxInClass" TYPE="Int" VALUE="0" LEVEL="3"></PARAM>
		<PARAM NAME="SkipNegativeEigenvalues" HINT="SkipNegativeEigenvalues" TYPE="Int" VALUE="1" LEVEL="3"></PARAM>
	</GROUP>
	<GROUP NAME="DebugTool" HINT="DebugTool"><PARAM NAME="DebugImgBMP" HINT="DebugImgBMP" TYPE="Int" VALUE="0" LEVEL="3"></PARAM>
		<PARAM NAME="DebugImgJPGQuality" HINT="DebugImgJPGQuality" TYPE="Int" VALUE="90" LEVEL="3"></PARAM>
		<PARAM NAME="DebugPath" HINT="DebugPath" TYPE="Text" VALUE="e:/color/Debug" LEVEL="3"></PARAM>
	</GROUP>
	<GROUP NAME="DistanceTransform" HINT="DistanceTransform"><PARAM NAME="BoundLDAToPlain" HINT="BoundLDAToPlain" TYPE="Int" VALUE="0" LEVEL="3"></PARAM>
		<PARAM NAME="ConnectivityModel" HINT="ConnectivityModel" TYPE="Int" VALUE="8" LEVEL="3"></PARAM>
		<PARAM NAME="Debug" HINT="Debug" TYPE="Int" VALUE="50000" LEVEL="3"></PARAM>
		<PARAM NAME="DijkstraPath" HINT="DijkstraPath" TYPE="Int" VALUE="1" LEVEL="3"></PARAM>
		<PARAM NAME="DistanceThresh" HINT="DistanceThresh" TYPE="Double" VALUE="-100000.000000" LEVEL="3"></PARAM>
		<PARAM NAME="EdgeStop" HINT="EdgeStop" TYPE="Int" VALUE="1" LEVEL="3"></PARAM>
		<PARAM NAME="FindPath" HINT="FindPath" TYPE="Int" VALUE="1" LEVEL="3"></PARAM>
		<PARAM NAME="IntrinsicModifiedDistance" HINT="IntrinsicModifiedDistance" TYPE="Int" VALUE="0" LEVEL="3"></PARAM>
		<PARAM NAME="LDABoostThresh" HINT="LDABoostThresh" TYPE="Double" VALUE="0.010000" LEVEL="3"></PARAM>
		<PARAM NAME="ModifiedCostType" HINT="ModifiedCostType" TYPE="Int" VALUE="1" LEVEL="3"></PARAM>
		<PARAM NAME="NormAlfa" HINT="NormAlfa" TYPE="Double" VALUE="0.100000" LEVEL="3"></PARAM>
		<PARAM NAME="NormalizePathLength" HINT="NormalizePathLength" TYPE="Int" VALUE="1" LEVEL="3"></PARAM>
		<PARAM NAME="PathType" HINT="PathType" TYPE="Int" VALUE="11" LEVEL="3"></PARAM>
		<PARAM NAME="ScribbleStop" HINT="ScribbleStop" TYPE="Int" VALUE="0" LEVEL="3"></PARAM>
		<PARAM NAME="ScribbleTextureBoost" HINT="ScribbleTextureBoost" TYPE="Int" VALUE="0" LEVEL="3"></PARAM>
		<PARAM NAME="StrictQueueing" HINT="StrictQueueing" TYPE="Int" VALUE="0" LEVEL="3"></PARAM>
		<PARAM NAME="TopologicalPenalty" HINT="TopologicalPenalty" TYPE="Double" VALUE="0.000000" LEVEL="3"></PARAM>
		<PARAM NAME="UseClass" HINT="UseClass" TYPE="Int" VALUE="0" LEVEL="3"></PARAM>
		<PARAM NAME="UseGradientDist" HINT="UseGradientDist" TYPE="Int" VALUE="1" LEVEL="3"></PARAM>
		<PARAM NAME="UseLDADist" HINT="UseLDADist" TYPE="Int" VALUE="0" LEVEL="3"></PARAM>
		<PARAM NAME="UseModifiedCost" HINT="UseModifiedCost" TYPE="Int" VALUE="0" LEVEL="3"></PARAM>
	</GROUP>
	<GROUP NAME="SingleImgColor" HINT="SingleImgColor"><PARAM NAME="AverageScribble" HINT="AverageScribble" TYPE="Int" VALUE="0" LEVEL="3"></PARAM>
		<PARAM NAME="BoostScribblesUsingTexture" HINT="BoostScribblesUsingTexture" TYPE="Int" VALUE="1" LEVEL="3"></PARAM>
		<PARAM NAME="BothDistances" HINT="BothDistances" TYPE="Int" VALUE="0" LEVEL="3"></PARAM>
		<PARAM NAME="Debug" HINT="Debug" TYPE="Int" VALUE="1" LEVEL="3"></PARAM>
		<PARAM NAME="EliminateIsolatedWinners" HINT="EliminateIsolatedWinners" TYPE="Int" VALUE="0" LEVEL="3"></PARAM>
		<PARAM NAME="PerfectScribble" HINT="PerfectScribble" TYPE="Int" VALUE="0" LEVEL="3"></PARAM>
		<PARAM NAME="PropagationMargin" HINT="PropagationMargin" TYPE="Int" VALUE="10" LEVEL="3"></PARAM>
		<PARAM NAME="ReuseDistMap" HINT="ReuseDistMap" TYPE="Int" VALUE="0" LEVEL="3"></PARAM>
		<PARAM NAME="SegmentSize" HINT="SegmentSize" TYPE="Int" VALUE="15" LEVEL="3"></PARAM>
		<PARAM NAME="UseOrgColor" HINT="UseOrgColor" TYPE="Int" VALUE="0" LEVEL="3"></PARAM>
		<PARAM NAME="UseTextureClassDstMap" HINT="UseTextureClassDstMap" TYPE="Int" VALUE="0" LEVEL="3"></PARAM>
	</GROUP>
	<GROUP NAME="TextureAnalyzer" HINT="TextureAnalyzer"><PARAM NAME="ClassBoundaryValue" HINT="ClassBoundaryValue" TYPE="Double" VALUE="0.010000" LEVEL="3"></PARAM>
		<PARAM NAME="CrossPenalty" HINT="CrossPenalty" TYPE="Double" VALUE="1.410000" LEVEL="3"></PARAM>
		<PARAM NAME="Debug" HINT="Debug" TYPE="Int" VALUE="1" LEVEL="3"></PARAM>
		<PARAM NAME="GradT" HINT="GradT" TYPE="Double" VALUE="0.500000" LEVEL="3"></PARAM>
		<PARAM NAME="GradientCostType" HINT="GradientCostType" TYPE="Int" VALUE="0" LEVEL="3"></PARAM>
		<PARAM NAME="LDAAnalysis" HINT="LDAAnalysis" TYPE="Int" VALUE="1" LEVEL="3"></PARAM>
		<PARAM NAME="NumberOfScales" HINT="NumberOfScales" TYPE="Int" VALUE="5" LEVEL="3"></PARAM>
		<PARAM NAME="PlainT" HINT="PlainT" TYPE="Double" VALUE="40.000000" LEVEL="3"></PARAM>
		<PARAM NAME="ReducedLDADimensionality" HINT="ReducedLDADimensionality" TYPE="Int" VALUE="3" LEVEL="3"></PARAM>
		<PARAM NAME="WeightType" HINT="WeightType" TYPE="Int" VALUE="0" LEVEL="3"></PARAM>
		<PARAM NAME="YatzivGrad" HINT="YatzivGrad" TYPE="Int" VALUE="0" LEVEL="3"></PARAM>
	</GROUP>
</PARAMETERS>